shipment_id,order_id,carrier_name,tracking_number,delivery_status,estimated_arrival
985089,1,James,ZF8JJ8SETJ,Delivered,2023/7/10
923652,2,John,6PYTE40F8T,Delivered,2024/8/15
421892,3,Robert,PFGLNJNVAZ,Delivered,2024/9/1
329734,4,Michael,HSHRROX9NB,Delivered,2023/7/19
679942,5,William,Q9U9MJ4MAI,Cancelled,2024/4/25
380936,6,Mary,ODGV2EWNBK,Delivered,2024/11/5
206866,7,David,ILLCVQDFX1,Delivered,2023/10/28
382994,8,Joseph,Z6VJQQ6JNK,Delivered,2024/3/31
995351,9,Richard,4NLDY31ZV5,Delivered,2023/6/20
282649,10,Charles,ZOJPM50N21,Delivered,2023/11/18
727067,11,Thomas,GCRA9X6694,Delivered,2024/9/15
729116,12,Christopher,ZU830YG3P7,Delivered,2024/10/20
196643,13,Daniel,TDMSKLQMA5,Delivered,2025/1/30
966697,14,Matthew,QETRLKLCVW,Delivered,2023/3/18
804908,15,Elizabeth,O9RMRGOHCL,Delivered,2023/7/17
483376,16,Patricia,E4H7EY4U2Z,Delivered,2025/2/27
399419,17,Jennifer,8KGEISSU6D,Delivered,2023/6/12
866374,18,Anthony,7JYNWGP26A,Delivered,2024/4/25
952414,19,George,38XT3MXYYD,Delivered,2024/7/22
393317,20,Linda,T7ZA6ALSON,Delivered,2023/5/10
346220,21,Barbara,8FLMKWYFUW,Delivered,2024/1/24
407673,22,Donald,C2Y3N0E1EE,Delivered,2024/1/17
962686,23,Paul,0XT3B7GTVQ,Delivered,2023/6/28
622719,24,Mark,LPSUEQRKIZ,Delivered,2023/3/28
131201,25,Andrew,G4XAHUKVLQ,Delivered,2024/2/12
272513,26,Steven,08Q1UIQ045,Delivered,2025/1/8
360579,27,Kenneth,EFWY7C503Y,Delivered,2025/2/12
647301,28,Edward,I58X22ZERQ,Delivered,2023/10/31
137352,29,Joshua,JV36IWR7L6,Delivered,2023/10/29
338058,30,Margaret,QOFUX94L0Z,Delivered,2024/5/18
837771,31,Brian,6WDMAGU2T5,Delivered,2024/9/16
211085,32,Kevin,IB137ILUKA,Delivered,2024/5/30
528534,33,Jessica,H7O32C18A9,Delivered,2024/4/3
184473,34,Sarah,GTPHDFJ92T,Delivered,2024/8/12
229530,35,Susan,0O7A0UERPV,Delivered,2024/11/27
448667,36,Timothy,UE6G5VB2E6,Delivered,2023/6/2
104607,37,Dorothy,Q9ZCOTY8OJ,Delivered,2023/5/24
635040,38,Jason,WNGVFOBXQ8,Delivered,2024/9/10
583839,39,Ronald,PCMF21462B,Delivered,2023/7/26
309408,40,Helen,TZGY9B283E,Delivered,2024/8/25
596129,41,Ryan,B1W3AU15GN,Delivered,2023/10/20
393380,42,Jeffrey,O3OI81887P,Delivered,2024/4/26
983205,43,Karen,B7FYUDI458,Delivered,2023/8/4
481446,44,Nancy,NYEB9UVFBN,Delivered,2023/9/4
233652,45,Betty,1O4Q6T4X7W,Delivered,2025/1/17
460982,46,Lisa,QXSB1CLYD0,Delivered,2024/8/31
643255,47,Jacob,IXVPRI1HRO,Delivered,2023/10/16
499894,48,Nicholas,Q9DQEUH9M3,Delivered,2023/9/7
735424,49,Ashley,7ZZYENHIHY,Delivered,2024/2/3
993487,50,Eric,QWE1VAWRSC,Shipped,2024/5/10
342223,51,Frank,9790QUXFN0,Delivered,2024/3/7
800981,52,Gary,3MT3C2XNX0,Delivered,2024/2/21
450774,53,Anna,6F6DZZ350Z,Delivered,2024/5/22
575706,54,Stephen,3EYK76SRC2,Delivered,2024/11/18
243932,55,Jonathan,LZ5TZOV4LZ,Delivered,2023/6/5
690399,56,Sandra,7WE5MKUVNM,Delivered,2024/11/19
370912,57,Emily,AF03JV9FRX,Delivered,2024/8/18
917729,58,Amanda,84SU5X9HVT,Delivered,2023/9/17
268517,59,Kimberly,WVIZZ0S9LX,Delivered,2024/10/27
891111,60,Michelle,43AQA6SUJF,Delivered,2024/10/7
207086,61,Donna,LF3ELLJPG1,Delivered,2024/12/12
823543,62,Justin,P720ASQS1F,Delivered,2023/12/17
938232,63,Laura,DFQU7KYSPO,Shipped,2024/10/22
188667,64,Ruth,0GWUEJ6O4K,Delivered,2023/4/25
278779,65,Carol,QD1076HSS6,Delivered,2023/11/4
604414,66,Brandon,5I3MY6YKYJ,Delivered,2024/7/27
921858,67,Larry,UO7MELRWM3,Delivered,2024/10/11
307468,68,Scott,FUPQ9CFDM0,Delivered,2023/7/21
952604,69,Melissa,XIEPAME4UU,Delivered,2023/3/19
731423,70,Stephanie,UUKI0ACW7L,Delivered,2025/1/11
239906,71,Benjamin,V45AY8ZWZO,Delivered,2023/7/20
790830,72,Raymond,KZ91MR5VM8,Shipped,2024/9/8
110896,73,Samuel,D7N819YUJJ,Delivered,2023/7/8
567601,74,Rebecca,BLKP3VGZ4E,Delivered,2023/8/18
313652,75,Deborah,670A3UIMJY,Delivered,2023/10/27
262457,76,Gregory,3E9ULI1B52,Delivered,2023/4/23
627006,77,Sharon,36TBKB6OO9,Delivered,2024/11/2
368963,78,Kathleen,76I2MU74ZT,Delivered,2024/1/16
301391,79,Amy,02MGO8MJ4A,Delivered,2024/4/18
368982,80,Cynthia,9RU3LYYWPN,Delivered,2024/8/7
651609,81,Alexander,ERCQT892GG,Delivered,2024/3/15
352604,82,Patrick,AF62OAENYF,Delivered,2023/12/7
866658,83,Jack,9Z60J5IW1H,Delivered,2025/2/6
254310,84,Henry,75JVZO05NW,Delivered,2024/2/4
174443,85,Angela,O5NMX7NHH7,Delivered,2023/10/23
872820,86,Shirley,RVYX18B2YE,Delivered,2023/6/9
729463,87,Emma,ZWL80UG2XW,Delivered,2024/4/17
604542,88,Catherine,NMGFCPG4GM,Delivered,2024/4/24
563590,89,Katherine,2S1OXNPOWX,Delivered,2024/2/9
940422,90,Virginia,5M3M7WB2ZF,Delivered,2023/12/3
483723,91,Nicole,O976C22KZ6,Delivered,2023/9/9
739732,92,Dennis,NH28JYYNEO,Delivered,2024/6/12
731547,93,Walter,34N3XBRSAQ,Delivered,2024/12/24
723358,94,Tyler,PD6V43LAZD,Delivered,2023/6/21
960927,95,Peter,IXXVZD74N9,Delivered,2024/2/28
422307,96,Brenda,NO101F8YDD,Delivered,2024/12/10
971172,97,Aaron,USJ4S4S010,Delivered,2024/4/7
838053,98,Jerry,AH9BE7ER6M,Delivered,2023/9/26
201125,99,Christine,KA0WMK7Z3G,Delivered,2024/6/14
395687,100,Samantha,5CV7C8KSQ3,Delivered,2023/9/26
473520,101,Adam,N8T93CKN7E,Delivered,2023/8/12
358839,102,Rachel,ER8E9H41BI,Delivered,2023/9/8
815543,103,Pamela,5PNUB6QA5K,Delivered,2024/7/27
641470,104,Frances,9Y5XZ321HY,Shipped,2024/12/19
762304,105,Nathan,G1ZGKD50AJ,Delivered,2024/3/5
735681,106,Douglas,LV3KXTFFKO,Delivered,2024/8/24
502213,107,Heather,5YMQWJ8UB5,Delivered,2024/9/1
729546,108,Evelyn,IHV2D5A3SQ,Delivered,2024/12/18
238040,109,Jose,OS6U667XG8,Delivered,2024/5/31
823776,110,Alice,2ZBV76R6R1,Delivered,2024/8/27
338414,111,Janet,H19GJR7Z1M,Delivered,2024/5/16
522735,112,Maria,CLLAVYA30U,Delivered,2024/10/19
358898,113,Zachary,CK76FRYE0Y,Delivered,2024/7/13
274936,114,Carolyn,RSMLRVGHHN,Delivered,2023/8/11
205304,115,Debra,LDS9E8B4WW,Delivered,2023/9/13
797178,116,Harold,20851UN536,Delivered,2023/5/16
981499,117,Martha,4221SYILWD,Delivered,2024/4/4
752123,118,Marie,8MKL6R6SBO,Delivered,2024/12/8
776710,119,Arthur,Y1H1218TA0,Delivered,2023/7/14
395789,120,Julie,KPX803PCBQ,Delivered,2023/4/25
801293,121,Kyle,X84TH19YPD,Delivered,2023/5/21
426515,122,Diane,AQGRKIE86D,Delivered,2023/10/9
369174,123,Christina,T9VC5KUWUV,Delivered,2023/4/5
934431,124,Victoria,XRI4JHOJXO,Delivered,2024/12/19
514597,125,Joyce,V63M2P0296,Delivered,2023/10/30
580142,126,Carl,N8BVO335DK,Delivered,2024/1/27
815671,127,Lauren,IZDWDUWB2T,Delivered,2024/2/24
174656,128,Grace,KKHASYDRP6,Delivered,2023/8/28
551494,129,Kelly,KALZCMZ1I7,Delivered,2023/6/5
109137,130,Albert,CTBOUNV2CH,Delivered,2023/7/6
655956,131,Rose,SUQSBWT1IZ,Delivered,2023/7/17
205396,132,Megan,LKNBRX4H9T,Delivered,2024/3/10
768598,133,Joan,BX7G4TMQIU,Delivered,2023/9/9
756310,134,Jeremy,P6FBCRTO47,Delivered,2024/12/17
500315,135,Ann,2ICZJVKEZL,Delivered,2024/3/17
768603,136,Julia,HFNPRUA05P,Delivered,2023/5/22
940639,137,Kathryn,99H9GGQOA9,Delivered,2024/9/22
227942,138,Lawrence,UOLDB6MQSR,Delivered,2024/11/21
408169,139,Olivia,SIRUUP7ZQD,Delivered,2024/7/3
131689,140,Judith,WKLYI30VQU,Delivered,2024/4/1
707179,141,Doris,BYJB57ZN5S,Delivered,2025/1/25
846444,142,Jean,U26O6ZDJO3,Delivered,2023/11/23
934512,143,Andrea,XSLOL1I35K,Delivered,2023/12/10
608881,144,Gerald,AMG9FMTSHK,Delivered,2023/11/24
391799,145,Sean,0HLHC7ZXXK,Cancelled,2023/4/4
254584,146,Joe,PEY6UF276I,Delivered,2023/4/26
737915,147,Keith,ZCHCCVZPJW,Delivered,2025/1/13
359039,148,Sara,4V7O5VW6L9,Cancelled,2024/8/18
782984,149,Cheryl,LPKV7WZIHC,Delivered,2023/6/8
141962,150,Hannah,PJ1L0ZJFUE,Delivered,2024/6/16
174733,151,Mildred,ODD2ZQLV9Z,Delivered,2024/3/26
975505,152,Willie,DXUBORB9WP,Delivered,2023/9/1
895635,153,Lillian,QWFC2NAHYA,Delivered,2024/10/10
379544,154,Roger,6RJOLUXSNI,Delivered,2024/9/10
107163,155,Jesse,QS4P9WTG00,Delivered,2023/11/20
930459,156,Jacqueline,RSAJ2V5I02,Delivered,2023/8/1
694941,157,Ethan,MP7KKRIHU8,Delivered,2023/6/12
914077,158,Terry,XBQIEU4G8B,Delivered,2023/8/28
768673,159,Christian,FV30SQ90K4,Delivered,2024/4/9
887457,160,Harry,BCCJPIN489,Delivered,2023/7/20
289441,161,Teresa,NCJZHTT0J8,Delivered,2024/5/10
246441,162,Austin,D88GA1PL8X,Delivered,2025/1/21
242363,163,Gloria,N57FPOPKV9,Delivered,2024/7/26
312008,164,Ralph,PMJ9UO722U,Delivered,2024/1/30
387790,165,Janice,FTFEMBJOYY,Delivered,2024/12/1
230096,166,Roy,TYH099VA87,Delivered,2023/9/3
649943,167,Theresa,F3UL5BQ8FE,Delivered,2023/4/4
649944,168,Amber,K50KGCGN4O,Cancelled,2024/1/19
162525,169,Danielle,UAFL4B4E1K,Delivered,2023/7/11
312029,170,Noah,355347MZBF,Delivered,2024/5/12
412384,171,Bryan,Y63328CGIS,Delivered,2023/5/7
344801,172,Jordan,VYAYFBYRMF,Delivered,2024/3/18
412393,173,Louis,V1WRMZVO4V,Delivered,2024/12/9
447212,174,Brittany,G2S9E2VT74,Shipped,2024/9/24
420591,175,Bruce,LB9E34FN1E,Delivered,2023/4/22
815860,176,Madison,9CAUBN7ULV,Delivered,2024/3/5
697086,177,Judy,UCRGMU3LBN,Cancelled,2024/3/13
379647,178,Billy,DBGF9ONEZI,Delivered,2023/12/21
316159,179,Dylan,CLB189LXPC,Delivered,2023/4/3
678654,180,Denise,7HIBQQSXVL,Delivered,2024/4/3
463629,181,Beverly,I34FRZGIRZ,Delivered,2023/10/3
246541,182,Eugene,63DZCERRHK,Delivered,2023/8/28
961295,183,Jane,OG1CGN13FG,Delivered,2024/5/5
146198,184,Marilyn,ZTBQ6YJVJJ,Delivered,2024/6/23
322328,185,Abigail,43E0DKZ5Y7,Delivered,2024/4/6
705304,186,Diana,6YQZKI5AJH,Delivered,2023/5/9
719644,187,Charlotte,2K3Z347HL2,Delivered,2023/7/31
779037,188,Natalie,L8ZANBPPUM,Delivered,2024/4/29
484126,189,Tiffany,Z55WCT9T1L,Delivered,2024/8/15
641823,190,Wayne,11BFWL6D7N,Delivered,2024/12/4
871209,191,Russell,J01MNN3G81,Delivered,2024/12/20
207662,192,Alan,LMR1JD7LSZ,Delivered,2024/9/10
187184,193,Crystal,Q41RXR40G9,Delivered,2023/8/13
703281,194,Sophia,03BRSXOVVB,Delivered,2023/12/25
449329,195,Irene,XE9P1NB8K1,Delivered,2024/2/18
957233,196,Juan,52054XEC5L,Shipped,2024/7/28
101173,197,Ruby,5I9SMFQUWU,Delivered,2023/3/26
828215,198,Gabriel,Q1LT4F577V,Delivered,2024/11/21
328504,199,Philip,EDJSN0JSR7,Shipped,2025/3/8
815930,200,Annie,NBRS9B92G2,Cancelled,2024/7/20
340800,201,Kayla,3FYGA5MJNK,Delivered,2024/8/16
156484,202,Vincent,B70CPCTSBC,Delivered,2025/3/8
768836,203,Lori,UQVCDPINDA,Delivered,2024/8/20
990022,204,Howard,JEUX8X19EY,Delivered,2024/4/6
279374,205,Alexis,8GAFYJKGTF,Delivered,2023/7/31
459599,206,Erin,DHIBO56BH5,Delivered,2023/7/15
838486,207,Fred,YFC1DDAZTP,Delivered,2023/7/10
215905,208,Logan,M9SYXM2LO6,Delivered,2024/10/12
803683,209,Isabella,S5OL8OMXL8,Delivered,2023/12/18
932712,210,Tammy,VYVAKZ2214,Delivered,2025/1/13
869232,211,Louise,LOQDJZDHDB,Delivered,2024/6/30
813939,212,Florence,5VJENZ07I8,Delivered,2024/9/26
547702,213,Randy,2KOWWPQK32,Delivered,2024/5/7
945018,214,Bradley,XL9PLBE98R,Delivered,2023/8/9
193403,215,Kathy,LSUK4MT7W0,Delivered,2023/5/20
426876,216,Lois,C6TWMN326B,Delivered,2023/10/14
684924,217,Anne,0ZXGAMMUHS,Shipped,2023/11/12
248701,218,Bonnie,ODLS6H2UVY,Delivered,2024/3/22
732032,219,Victor,4STSIBNR7Z,Delivered,2024/1/22
940935,220,Taylor,EIOD5PUH45,Delivered,2024/1/29
385930,221,Travis,3N6WNR94I7,Delivered,2023/8/19
295821,222,Phyllis,CFHKFZVJT4,Delivered,2025/2/19
322450,223,Shawn,A9KJB9TMQ9,Delivered,2024/1/7
496543,224,Phillip,7FXTNBRXKS,Delivered,2024/4/5
746400,225,Shannon,7C3B4YWBS1,Delivered,2024/12/24
185250,226,Martin,Z0LZZCWEVI,Shipped,2023/3/18
287651,227,Johnny,BOZJZM6WEG,Delivered,2024/10/4
517028,228,Craig,6OGXS1GS1Q,Delivered,2023/8/6
588713,229,Allison,WR1DBJ1K3V,Delivered,2024/8/25
740267,230,Bobby,6BSVVHR6H8,Delivered,2024/8/18
547756,231,Alyssa,IXJ23LO6N0,Delivered,2023/10/14
418733,232,Ella,SG0CRVTPTO,Shipped,2024/12/14
148396,233,Josephine,3CYPODIOID,Pending,2025/3/12
951218,234,Ernest,J348T182U7,Delivered,2024/6/7
347058,235,Stanley,151D2N0ZIC,Delivered,2023/5/21
766901,236,Cody,9VDYP1JFZ4,Delivered,2023/5/9
793528,237,Clarence,JGOKPAY5H3,Delivered,2023/7/10
680889,238,Tina,ZHYQ1TEN3E,Delivered,2024/7/16
224191,239,Elijah,IL8R9PNGH3,Delivered,2024/7/29
826311,240,Leonard,QB31GOO72W,Delivered,2024/9/18
236487,241,Carlos,D740H07XZ6,Delivered,2023/11/18
553938,242,Dawn,I8N5ROZBJV,Delivered,2024/10/22
158679,243,Robin,YPVCDW9FV7,Delivered,2023/6/19
646108,244,Edna,O6LBTO3T9L,Delivered,2023/5/2
457699,245,Cameron,WYTAVXWY16,Delivered,2024/2/15
467939,246,Peggy,YHS6L0DDF9,Delivered,2024/9/15
549864,247,Caleb,MW7USWOR0Q,Delivered,2023/7/3
584691,248,Eleanor,OK0X49FWOB,Delivered,2024/4/6
154619,249,Isaac,H8MHSC577A,Delivered,2023/12/11
238594,250,Todd,7EAJTPP0WL,Delivered,2025/2/28
480269,251,Jamie,4MKCIGLT0T,Delivered,2024/5/22
926734,252,Earl,02PM77K1K0,Delivered,2023/4/13
603152,253,Francis,W8HGLCZXXG,Delivered,2024/7/16
381969,254,Jimmy,6IAWZ47G5G,Delivered,2023/4/19
570390,255,Mason,5WGGQ7H674,Delivered,2024/3/7
467991,256,Danny,OP8MPXOO4J,Delivered,2024/3/4
367646,257,Audrey,VL6I4SBZ4Y,Delivered,2024/6/21
949289,258,Rita,JDQU2OULC3,Delivered,2024/8/13
203817,259,Luke,65TG2WXTHI,Delivered,2025/3/11
803884,260,Dale,E3C3SZ0W5W,Delivered,2023/4/25
611374,261,Alex,NPG0G0KRG1,Delivered,2024/3/15
105520,262,Paula,92QJXPUCDK,Delivered,2024/3/23
289844,263,Clara,9UTMGYBCG8,Cancelled,2023/10/16
664635,264,Wanda,TNZRTK95OP,Delivered,2023/5/16
461884,265,Joel,06KAG9L6JP,Delivered,2024/10/27
472125,266,Evan,YETLWTUQEF,Delivered,2024/2/6
984127,267,Norma,6G1TJHII5J,Delivered,2024/2/20
752708,268,Luis,HN90ITDAU5,Delivered,2023/5/24
568389,269,Courtney,NGR83R5D3P,Delivered,2024/1/19
887883,270,Ethel,W2BLG6NV3Q,Delivered,2024/8/16
891985,271,Nathaniel,EVNV3CT3GQ,Delivered,2023/5/15
932956,272,Wendy,9IK7Z0TLOI,Delivered,2024/1/18
750686,273,Ellen,T9K6A0XETS,Delivered,2024/1/1
128095,274,Leslie,SSFZA9L26X,Shipped,2023/7/14
568418,275,Marjorie,X6BS0L2GFR,Delivered,2024/8/2
392292,276,Vanessa,73SSWOC9OA,Delivered,2023/5/25
496748,277,Allen,CG95BQSX07,Delivered,2023/10/15
945261,278,Valerie,B5859IP4Z2,Shipped,2023/6/4
359541,279,Carrie,QVBMGXKZ09,Delivered,2025/1/19
791670,280,Ava,245ZGO0GDW,Delivered,2024/11/28
556153,281,Eva,U7QQBF8SGW,Delivered,2024/4/16
857212,282,Frederick,212RY8PXWO,Delivered,2023/4/28
990339,283,Curtis,YHOE43A4OS,Delivered,2023/3/29
984196,284,Edith,OOF0KZMYWN,Delivered,2024/12/10
775299,285,Connie,182A8NJX5K,Delivered,2023/3/27
498822,286,Lucas,MDZE47NRS9,Delivered,2024/8/13
584839,287,Gladys,Z7FY83F30W,Delivered,2024/1/27
890005,288,Cindy,75QTVNZZPZ,Delivered,2025/2/6
939158,289,Tracy,LS4GUMYSXK,Delivered,2024/11/20
140443,290,Elaine,XN06WCYN2Q,Delivered,2023/4/20
681116,291,Hazel,5N080C4H91,Delivered,2023/12/7
992414,292,Monica,KB42Q25IC4,Delivered,2024/12/10
310431,293,Norman,SPDCYYR1W8,Cancelled,2023/10/29
949420,294,Esther,PYOSI04ZHY,Delivered,2024/1/3
732339,295,Melanie,TC6H9T0I2G,Delivered,2023/5/19
791732,296,Brianna,NW9EFC20PH,Delivered,2024/12/27
378037,297,Antonio,H3GGG4F5YU,Delivered,2023/6/4
773301,298,Jasmine,H6BYVRGD0C,Shipped,2023/9/11
433333,299,Chad,YO845E14DV,Delivered,2024/8/29
963781,300,Katie,NFT4I03VQ6,Delivered,2023/5/22
584904,301,Tony,38QTEBWAVL,Delivered,2023/9/7
761034,302,Rodney,C5OYXQSDGA,Delivered,2023/9/23
343244,303,Glenn,SWD9UA57TF,Delivered,2024/6/30
130259,304,Marvin,35DLVUOZ74,Delivered,2023/12/12
363743,305,April,J0Z0URNGWI,Delivered,2024/11/1
824552,306,Derek,KL614HHJ06,Delivered,2024/8/30
599275,307,Erica,XRAMHQT5NU,Delivered,2025/1/17
220401,308,Ian,ND5O4RCJWC,Delivered,2025/1/3
171251,309,Adrian,IXV81H7N7X,Delivered,2024/2/28
879870,310,Theodore,KGYHG2IGC7,Delivered,2023/11/21
627973,311,Alexandra,7NB8IJ8SW4,Delivered,2024/2/11
335111,312,Marcus,T50O0NVCXA,Delivered,2025/2/8
967951,313,Alfred,GM3UGW7U5E,Delivered,2024/12/12
625939,314,Jackson,XH2RWX4DOT,Delivered,2024/5/14
922904,315,Edwin,IBJS7A3CQ6,Cancelled,2023/11/8
636187,316,Melvin,39TYJ7JL4W,Delivered,2024/6/30
216348,317,Sylvia,34SMZTA7SA,Delivered,2023/6/8
720158,318,Sheila,5LBFCYJQL1,Delivered,2023/8/9
128287,319,Alicia,Y0UI0P5VXI,Delivered,2024/4/12
263458,320,Steve,U4FYFKFNIB,Delivered,2025/1/1
535846,321,Leah,ZM7K94VIXM,Delivered,2023/8/16
902440,322,Hunter,YK3IS6E8AA,Delivered,2024/10/6
199980,323,Lee,X50DTS89ZE,Shipped,2023/6/24
611637,324,Jeffery,8YWDFOI9J1,Delivered,2023/5/17
496950,325,Kristen,LV8GQKCK1K,Delivered,2024/4/2
951622,326,Caroline,9QBVC6V8YJ,Delivered,2024/5/18
732497,327,Mia,MPSMQYU7O5,Delivered,2023/11/3
402770,328,Sherry,BP7064TULF,Delivered,2023/4/13
402776,329,Angel,3IL1937ORZ,Delivered,2025/2/8
779613,330,Jesus,6JLBSGC1F2,Delivered,2023/11/15
101725,331,Dustin,IN2QYBKY6Q,Cancelled,2023/7/11
537959,332,Herbert,NHMTW3EO8B,Delivered,2024/2/29
453994,333,Pauline,9U1412S7YM,Cancelled,2024/10/26
109934,334,Michele,S1DD8YHAQZ,Delivered,2024/6/1
130419,335,Veronica,JJKFVYA6HN,Delivered,2024/2/9
177528,336,Ricky,RAU3LLOMP3,Delivered,2023/9/30
691577,337,Liam,8IOWRIIW4V,Delivered,2023/12/15
558459,338,Wesley,UH59LGF588,Delivered,2024/4/10
775553,339,Thelma,E2302YSV83,Delivered,2025/2/19
251274,340,Suzanne,1HGKKDKERA,Delivered,2024/8/20
890256,341,Lucille,1V0KCWWHMZ,Delivered,2024/3/29
832916,342,Morgan,QBPR33JQDU,Cancelled,2024/4/18
812440,343,Joanne,WWY49G7PPQ,Delivered,2024/4/15
439706,344,Troy,V9CAKPT7AT,Shipped,2024/2/8
339357,345,Chloe,N8RVQMAHHW,Delivered,2024/9/2
253347,346,Anita,MGGYG50K4U,Delivered,2024/6/5
286119,347,Connor,JHK809EE28,Delivered,2024/4/21
937384,348,Isaiah,A3YTGR0OVC,Delivered,2023/7/13
261553,349,Julian,3E4KZHTI53,Delivered,2023/3/18
376247,350,Jared,1HMO8MLUIU,Delivered,2024/8/28
697803,351,Holly,0Q9YO3T1MN,Delivered,2024/9/12
439764,352,Lorraine,VKKO1D6H45,Shipped,2024/5/7
779734,353,Jayden,AD1CO95I0E,Delivered,2023/10/20
431575,354,Jill,KY32NLFUMT,Delivered,2023/7/9
585177,355,Geraldine,9HVKSY5NOO,Shipped,2025/3/2
658905,356,Rhonda,XUGNLK1YJN,Delivered,2023/10/21
271835,357,Dolores,WJ1C2I7ZNG,Delivered,2023/10/3
173545,358,Eddie,BSNYSRMOAJ,Delivered,2025/2/12
562676,359,Vivian,2BEIQHPN65,Delivered,2023/11/8
876023,360,Darlene,1R3XDVNNIT,Delivered,2024/8/10
626169,361,Aiden,GJ8HIXYNNK,Delivered,2023/6/1
415231,362,Calvin,C4543IA5LQ,Delivered,2023/12/15
316930,363,Shane,NKOGW0IUWP,Delivered,2023/6/11
255491,364,Leo,QZQCN4FG7F,Delivered,2023/5/3
101895,365,Juanita,F5XANKBAJ6,Delivered,2025/1/29
849417,366,Sally,HD7336GDVG,Delivered,2023/11/30
341514,367,Lucy,7W9EX78WKV,Delivered,2025/1/8
552458,368,Bertha,TI7M4ZPVWA,Delivered,2024/3/18
452107,369,Gail,SFTMLCRUZZ,Delivered,2024/11/3
452109,370,Oscar,3T49X9NNVQ,Delivered,2024/1/13
192015,371,Mike,700QDBR6OI,Delivered,2023/7/5
294415,372,Randall,JFO2QLAY2T,Delivered,2023/8/11
704018,373,Ray,JWPDFT4ISN,Delivered,2024/6/15
804374,374,Bernard,TO3QOTG137,Shipped,2024/6/18
556572,375,Jeremiah,XQ5KHEC82N,Delivered,2024/4/8
998942,376,Dana,RBB80Q5TNX,Delivered,2023/10/15
753183,377,Brooke,3OL2FJ9NVK,Delivered,2024/6/7
159273,378,Leroy,HMTLLKSPVP,Delivered,2024/10/5
359985,379,Amelia,RJPJXBPBRR,Delivered,2025/1/1
759346,380,Corey,XMSLC0WZGR,Delivered,2023/7/18
466484,381,June,NJ2IL6AXQP,Delivered,2024/2/11
837173,382,Owen,OCU42VB831,Delivered,2024/3/14
368184,383,Claire,WOKZZG2W6S,Delivered,2024/7/31
876091,384,Jay,XK602M75H5,Delivered,2023/10/7
566850,385,Kristin,EY2THIKH4D,Delivered,2023/11/9
239172,386,Beatrice,OQJ2IV1TYY,Shipped,2023/8/15
988744,387,Clifford,U47UMO4IWY,Delivered,2024/9/5
403017,388,Marion,SBZIXTC4BT,Delivered,2024/10/7
607820,389,Renee,JNWUH4ZXCH,Delivered,2023/5/5
923214,390,Tara,2QRX5Y7GV7,Delivered,2023/12/22
845399,391,Madeline,R5TSZAXT1C,Delivered,2024/12/25
722529,392,Barry,RJI6EOI53F,Delivered,2024/5/23
489063,393,Debbie,Y1BQXP4HIV,Delivered,2024/4/8
503402,394,Eileen,T6C7KE882Z,Delivered,2023/3/25
646762,395,Manuel,KPGL81J31F,Delivered,2023/10/4
953970,396,Ida,9AJJIYGEEC,Delivered,2023/3/23
269942,397,Lynn,GYXYPUIDCK,Delivered,2024/10/30
159351,398,Blake,506T6RCJH8,Delivered,2023/11/18
110200,399,Dean,5I8KN5Z4GY,Delivered,2024/9/1
458363,400,Kim,8DWOJU50T8,Cancelled,2023/9/8
331393,401,Bernice,XP68PGG0GK,Delivered,2023/8/13
923274,402,Ronnie,I1T7VSAWV3,Delivered,2023/3/13
929421,403,Warren,9VH96GJ144,Delivered,2024/7/6
966289,404,Gavin,TYTP4YNWTY,Delivered,2024/11/8
982674,405,Miguel,5PB19X7SOK,Delivered,2024/5/8
306833,406,Cassandra,9QF62UPJP4,Delivered,2024/9/20
761495,407,Regina,F7LPKSL5YL,Delivered,2023/8/3
183962,408,Elsie,TK6B51T1HL,Shipped,2023/8/28
233118,409,Jo,5I54N3EIX2,Delivered,2024/9/27
528036,410,Tommy,1Y22MH5IKL,Delivered,2023/9/6
247461,411,Trevor,V8M6U8CZNP,Delivered,2024/11/10
431789,412,Stella,PVKMIODVM4,Delivered,2023/6/23
511662,413,Gertrude,NERK1HXX8D,Delivered,2024/11/16
200368,414,Loretta,3AXY57F1NP,Delivered,2024/6/10
986810,415,Rosa,HBEAEK2VFP,Delivered,2024/3/28
829122,416,Sydney,5H2LOJFQWO,Delivered,2024/7/21
128711,417,Oliver,LKCIIJQNGL,Cancelled,2024/7/19
259784,418,Chelsea,99PWR1GWGC,Delivered,2023/10/19
413386,419,Roberta,IFLHZ4C47M,Delivered,2024/11/11
847563,420,Savannah,HXAN62T4K6,Shipped,2023/3/16
335564,421,Lindsey,NXFFQGIK6V,Delivered,2023/4/19
143053,422,Brett,OQRNLSD2QY,Delivered,2023/3/19
214735,423,Colleen,LR19ZJK23B,Delivered,2023/11/16
233172,424,Gordon,VJ71Q1MDZX,Delivered,2025/1/29
650964,425,Mitchell,KKM5FDYQFV,Delivered,2024/9/5
259799,426,Charlie,27R1SWD7Z3,Delivered,2025/1/5
390877,427,Dominic,X8P8YPSU89,Delivered,2024/6/5
597728,428,Jessie,7XQKO3SQBT,Delivered,2023/6/25
743139,429,Annette,C9RPEJFTZN,Shipped,2025/1/12
173796,430,Molly,3232NHRF76,Shipped,2024/6/29
112360,431,Cathy,G4RBFOMV0L,Delivered,2023/4/9
933611,432,Stacy,NEPBBOADZP,Delivered,2025/2/28
464632,433,Laurie,2517BUMKVI,Delivered,2023/9/12
777987,434,Lydia,5QEI4YS7FB,Delivered,2024/9/25
745220,435,Jon,H3H3EL5EXW,Delivered,2024/1/5
728842,436,Chase,TMV2VUM6O9,Delivered,2024/2/10
466700,437,Leon,6I9HGUKK9N,Delivered,2024/3/19
945933,438,Bessie,IF8ZJKWXMN,Delivered,2023/9/8
263951,439,Seth,XVQLBWC4CZ,Delivered,2024/1/2
915221,440,Kaitlyn,XOL5F2RIKT,Delivered,2025/2/24
327447,441,Don,NDZE4SR7ZY,Delivered,2024/4/25
823065,442,Naomi,RI97SVZN45,Shipped,2024/2/4
751387,443,Jeanette,HJM07OF3YX,Delivered,2023/12/25
991022,444,Hailey,DDZ52NLS1N,Delivered,2024/1/9
376625,445,Jeanne,QMYFAYY38V,Delivered,2024/3/16
538423,446,Darrell,VCPU7KBVWU,Delivered,2024/4/19
775996,447,Lloyd,I9ZKAD3BQY,Delivered,2024/1/20
251708,448,Carter,DPIN4VH7LB,Delivered,2024/12/18
362309,449,Jerome,Z9BFX7ENQ7,Pending,2025/3/14
495430,450,Erik,UIY5HXSJIC,Delivered,2023/5/10
362311,451,Alvin,FE7KF71SBR,Delivered,2024/8/12
106328,452,Beth,SBRCK60RDV,Delivered,2024/7/16
356186,453,Jenna,XP76T82PDE,Delivered,2024/5/21
812898,454,Yvonne,0WA7DEYMUT,Delivered,2023/5/28
763748,455,Rosemary,4478WZZWEZ,Cancelled,2023/8/25
671593,456,Landon,7BFQR9GU94,Delivered,2024/8/24
989037,457,Bill,XZNTT9Y19L,Delivered,2025/1/6
143214,458,Haley,CW8N3JIVR8,Delivered,2024/10/9
595826,459,Alma,K8STBJL3PT,Delivered,2023/10/9
845690,460,Wyatt,T7XFZOLNEO,Delivered,2024/2/20
880508,461,Micheal,UZ5BUDRL5I,Shipped,2023/6/30
325500,462,Agnes,K7WQ88FND4,Delivered,2023/10/7
319358,463,Gina,KYGL14ZXSM,Delivered,2024/9/3
237446,464,Minnie,X2KJFM3YGG,Delivered,2024/1/29
296839,465,Sebastian,54S5UO054Z,Delivered,2023/5/21
556935,466,Devin,D1HBE54CHU,Cancelled,2023/10/2
769948,467,Georgia,5DE1CZZYJI,Delivered,2024/7/4
743329,468,Stacey,EVAAASYSRN,Delivered,2024/3/11
649128,469,Pearl,CW5UQZ3VGM,Delivered,2024/8/30
452522,470,Vicki,J70SNQL53W,Cancelled,2024/12/23
958380,471,Joann,O5ABH15B4J,Delivered,2024/1/22
679855,472,Max,QYEZ544VR9,Delivered,2023/11/10
821167,473,Kelsey,9S7VKKB71H,Delivered,2024/6/27
884655,474,Lillie,66DW5AG6VC,Delivered,2023/9/6
903091,475,Levi,KCMYXY4L4X,Delivered,2024/5/2
255939,476,Lily,LRS9C4NUMU,Delivered,2023/5/15
384970,477,Floyd,WM1KJPZGIZ,Cancelled,2024/10/4
108493,478,Carla,XNOT91HG8P,Delivered,2024/12/14
475086,479,Edgar,8EJEFQ6O3G,Delivered,2024/8/12
401361,480,Lewis,HAWVGY68QQ,Delivered,2024/4/3
331731,481,Jim,3G266EOLS9,Shipped,2024/1/27
618456,482,Nora,PB93J0XB8D,Delivered,2024/2/2
559068,483,Maureen,7ER2HWGRT4,Shipped,2024/5/12
667617,484,Brent,HG5UFLZKFK,Delivered,2023/6/8
622561,485,Heidi,RACYBMZ46Q,Cancelled,2023/10/23
745444,486,Derrick,8MWDWVG9CF,Delivered,2023/10/20
477157,487,Mario,7NCKYS4D4S,Delivered,2023/7/10
724975,488,Nellie,LWEWN6ZOIS,Delivered,2024/5/5
653297,489,Lindsay,8JOF934N96,Delivered,2024/12/31
897011,490,Kristina,E21QLLQP7B,Delivered,2024/4/11
